{
    "html": [{
            "questionText": "What does HTML stand for?",
            "options": [{
                    "text": "Hyper Text Markup Language",
                    "correct": true
                },
                {
                    "text": "Hot Mail"
                },
                {
                    "text": "How to Make Lasagna"
                },
                {
                    "text": "hyper text"
                }
            ],
            "explanation": "TS uses a colon (:) to separate the property name from the property type"
        },
        {
            "questionText": "What is the difference between an opening tag and a closing tag?",
            "options": [{
                    "text": "Opening tag has a / in front"
                },
                {
                    "text": "There is no difference"
                },
                {
                    "text": "closing tag"
                },
                {
                    "text": "Closing tag has a / in front",
                    "correct": true
                }
            ],
            "explanation": "enum is not used as a type in TypeScript"
        },
        {
            "questionText": "Where is the meta tag only found?",
            "options": [{
                    "text": "The last page"
                },
                {
                    "text": "The home page",
                    "correct": true
                },
                {
                    "text": "The second page"
                },
                {
                    "text": "The index page"
                }
            ],
            "explanation": "interfaces are typically used to list the properties and methods for an object"
        },
        {
            "questionText": "What is an element that does not have a closing tag called?",
            "options": [{
                    "text": "Tag"
                },
                {
                    "text": "Empty element",
                    "correct": true
                },
                {
                    "text": "Closed element"
                },
                {
                    "text": "open tag"
                }
            ],
            "explanation": "number[] is another way of writing Array<number> in TypeScript"
        },
        {
            "questionText": "Which of the following is an example of an empty element?",
            "options": [{
                    "text": "< img / >",
                    "correct": true
                },
                {
                    "text": "< img > < / img >"
                },
                {
                    "text": "< / img>"
                },
                {
                    "text": "< img >"
                }
            ],
            "explanation": "a constructor is used by a class to take in parameters"
        }
        
        
        
        
    ]
}